<?xml version="1.0" encoding="UTF-8"?>
<panorama id="">
  <view fovmode="0" pannorth="0">
    <start pan="0" fov="70" tilt="0"/>
    <min pan="0" fov="5" tilt="-90"/>
    <max pan="360" fov="120" tilt="90"/>
  </view>
  <userdata title="" datetime="" description="" copyright="" tags="" author="" source="" comment="" info="" longitude="" latitude=""/>
  <hotspots width="180" height="20" wordwrap="1">
    <label width="180" backgroundalpha="1" enabled="1" height="20" backgroundcolor="0xffffff" bordercolor="0x000000" border="1" textcolor="0x000000" background="1" borderalpha="1" borderradius="1" wordwrap="1" textalpha="1"/>
    <polystyle mode="0" backgroundalpha="0.2509803921568627" backgroundcolor="0x0000ff" bordercolor="0x0000ff" borderalpha="1"/>
    <hotspot title="点击查看日记" target="_self" pan="7.43903" skinid="book" url="" id="Point_diary" tilt="-17.3875"/>
    <hotspot title="点击查看留言" target="_self" pan="-54.8247" skinid="message" url="" id="Point_message" tilt="-85.9237"/>
    <hotspot title="点击查看相册" target="_self" pan="124.766" skinid="photo" url="" id="Point_photo" tilt="-60.2459"/>
    <hotspot title="点击查看家谱" target="_self" pan="-179.836" skinid="family" url="" id="Point_family" tilt="-54.2228"/>
    <hotspot title="点击播放音乐" target="_self" pan="134.399" skinid="audio" url="" id="Point_audio" tilt="-13.4658"/>
    <hotspot title="点击看视频" target="_self" pan="-0.0698989" skinid="video" url="" id="Point_video" tilt="-1.07178"/>
    <hotspot title="到外边看看" target="_self" pan="63.6156" skinid="halltoout" url="style2_out.xml" id="Point_out" tilt="-8.303430000000001"/>
    <hotspot title="上楼去" target="_self" pan="-59.2186" skinid="halltobed" url="style2_bed.xml" id="Point_ws" tilt="5.31046"/>
  </hotspots>
  <media/>
  <input tile0url="images/ox_kt_cube_o_0.jpg" prev5url="images/ox_kt_cube_o_preview_5.jpg" prev4url="images/ox_kt_cube_o_preview_4.jpg" prev3url="images/ox_kt_cube_o_preview_3.jpg" prev2url="images/ox_kt_cube_o_preview_2.jpg" prev1url="images/ox_kt_cube_o_preview_1.jpg" prev0url="images/ox_kt_cube_o_preview_0.jpg" tile5url="images/ox_kt_cube_o_5.jpg" tilesize="685" tile4url="images/ox_kt_cube_o_4.jpg" tile3url="images/ox_kt_cube_o_3.jpg" tilescale="1.014598540145985" tile2url="images/ox_kt_cube_o_2.jpg" tile1url="images/ox_kt_cube_o_1.jpg"/>
  <autorotate speed="0.400" nodedelay="0.00" startloaded="1" returntohorizon="0.000" delay="5.00"/>
  <control simulatemass="1" lockedmouse="0" lockedkeyboard="0" dblclickfullscreen="0" invertwheel="0" lockedwheel="0" invertcontrol="1" speedwheel="1" sensitivity="8"/>
</panorama>
