<?xml version="1.0" encoding="UTF-8"?>
<panorama id="">
  <view fovmode="0" pannorth="0">
    <start pan="184.5" fov="70.5" tilt="-2.5"/>
    <min pan="0" fov="5" tilt="-90"/>
    <max pan="360" fov="120" tilt="90"/>
  </view>
  <userdata title="" datetime="2013:06:19 09:25:10" description="" copyright="" tags="" author="" source="" comment="" info="" longitude="" latitude=""/>
  <hotspots width="180" height="20" wordwrap="1">
    <label width="180" backgroundalpha="1" enabled="1" height="20" backgroundcolor="0xffffff" bordercolor="0x000000" border="1" textcolor="0x000000" background="1" borderalpha="1" borderradius="1" wordwrap="1" textalpha="1"/>
    <polystyle mode="0" backgroundalpha="0.2509803921568627" backgroundcolor="0x0000ff" bordercolor="0x0000ff" borderalpha="1"/>
    <hotspot title="去客厅" target="_self" pan="37.953" skinid="bedtohall" url="style2_hall.xml" id="Point_out" tilt="-6.1629"/>
  </hotspots>
  <media/>
  <input tile0url="images/ox_ws_o_0.jpg" prev5url="images/ox_ws_o_preview_5.jpg" prev4url="images/ox_ws_o_preview_4.jpg" prev3url="images/ox_ws_o_preview_3.jpg" prev2url="images/ox_ws_o_preview_2.jpg" prev1url="images/ox_ws_o_preview_1.jpg" prev0url="images/ox_ws_o_preview_0.jpg" tile5url="images/ox_ws_o_5.jpg" tilesize="685" tile4url="images/ox_ws_o_4.jpg" tile3url="images/ox_ws_o_3.jpg" tilescale="1.014598540145985" tile2url="images/ox_ws_o_2.jpg" tile1url="images/ox_ws_o_1.jpg"/>
  <control simulatemass="1" lockedmouse="0" lockedkeyboard="0" dblclickfullscreen="0" invertwheel="0" lockedwheel="0" invertcontrol="1" speedwheel="1" sensitivity="8"/>
</panorama>
