<?xml version="1.0" encoding="UTF-8"?>
<panorama id="">
  <view fovmode="0" pannorth="0">
    <start pan="-75.4489" fov="70" tilt="-13.9922"/>
    <min pan="-180" fov="5" tilt="-48.96438660073384"/>
    <max pan="180" fov="120" tilt="48.96438660073384"/>
  </view>
  <userdata title="" datetime="2008:05:28 03:12:45" description="" copyright="" tags="" author="" source="" comment="" info="" longitude="" latitude=""/>
  <hotspots width="180" height="20" wordwrap="1">
    <label width="180" backgroundalpha="1" enabled="1" height="20" backgroundcolor="0xffffff" bordercolor="0x000000" border="1" textcolor="0x000000" background="1" borderalpha="1" borderradius="1" wordwrap="1" textalpha="1"/>
    <polystyle mode="0" backgroundalpha="0.2509803921568627" backgroundcolor="0x0000ff" bordercolor="0x0000ff" borderalpha="1"/>
    <hotspot title="进去看看" target="_self" pan="-75.4489" skinid="outtohall" url="style2_hall.xml" id="Point_kt" tilt="-13.9922"/>
  </hotspots>
  <media/>
  <input tile0url="images/1245207925121_o_0.jpg" prev5url="images/1245207925121_o_preview_5.jpg" prev4url="images/1245207925121_o_preview_4.jpg" prev3url="images/1245207925121_o_preview_3.jpg" prev2url="images/1245207925121_o_preview_2.jpg" prev1url="images/1245207925121_o_preview_1.jpg" prev0url="images/1245207925121_o_preview_0.jpg" tile5url="images/1245207925121_o_5.jpg" tilesize="787" tile4url="images/1245207925121_o_4.jpg" tile3url="images/1245207925121_o_3.jpg" tilescale="1.012706480304956" tile2url="images/1245207925121_o_2.jpg" tile1url="images/1245207925121_o_1.jpg"/>
  <control simulatemass="1" lockedmouse="0" lockedkeyboard="0" dblclickfullscreen="0" invertwheel="0" lockedwheel="0" invertcontrol="1" speedwheel="1" sensitivity="8"/>
</panorama>
